{
  "eslint.config.js": 1776789055.7938373,
  "vite.config.js": 1776789230.8003194,
  "src\\App.jsx": 1776789331.0196004,
  "src\\main.jsx": 1776789056.0155249,
  "src\\components\\Layout.jsx": 1776789283.8014972,
  "src\\components\\Sidebar.jsx": 1776789281.226344,
  "src\\context\\EventContext.jsx": 1776789277.8788617,
  "src\\pages\\CreateEvent.jsx": 1776789299.871539,
  "src\\pages\\Dashboard.jsx": 1776789430.033324,
  "src\\pages\\Logistics.jsx": 1776789325.381395,
  "src\\pages\\Registry.jsx": 1776789310.0069494,
  "AGENTS.md": 1776790233.675069,
  "index.html": 1776789056.895491,
  "README.md": 1776789056.022091,
  "public\\favicon.svg": 1776789056.1433024,
  "public\\icons.svg": 1776789056.2082548,
  "src\\assets\\hero.png": 1776789056.0774028,
  "src\\assets\\react.svg": 1776789056.3103642,
  "src\\assets\\vite.svg": 1776789056.4072526
}